﻿"Variable / Field Name","Form Name","Section Header","Field Type","Field Label","Choices, Calculations, OR Slider Labels","Field Note","Text Validation Type OR Show Slider Number","Text Validation Min","Text Validation Max",Identifier?,"Branching Logic (Show field only if...)","Required Field?","Custom Alignment","Question Number (surveys only)","Matrix Group Name","Matrix Ranking?","Field Annotation"
record_id,multicolumn_em_test_form,,text,"Record ID
",,,,,,,,,,,,,
control_chkbx_rv,multicolumn_em_test_form,"<div class=""rich-text-field-label""><h1>Standard</h1> <hr> <h5>These are normal Radio buttons and Checkboxes with the @COLUMNS action tag.</h5></div>",checkbox,"Standard:
Checkbox (RV)
4 columns","1, A | 2, B | 3, C | 4, D | 5, E | 6, F | 7, G | 8, H | 9, I | 10, J | 11, K | 12, L | 13, M | 14, N | 15, O",,,,,,,,,,,," @COLUMNS=4"
control_chkbx_lv,multicolumn_em_test_form,,checkbox,"Standard:
Checkbox (LV)
5 columns","1, A | 2, B | 3, C | 4, D | 5, E | 6, F | 7, G | 8, H | 9, I | 10, J | 11, K | 12, L | 13, M | 14, N | 15, O",,,,,,,,LV,,,," @COLUMNS=5"
control_radio_rv,multicolumn_em_test_form,,radio,"Standard:
Radio (RV)
3 columns","1, A | 2, B | 3, C | 4, D {test1} | 5, E | 6, F | 7, G | 8, H | 9, I | 10, J | 11, K | 12, L | 13, M | 14, N | 15, O",,,,,,,,,,,," @COLUMNS=3"
test1,multicolumn_em_test_form,,text,"TEST 1",,,,,,,"[control_radio_rv] = 4",,,,,,
control_radio_lv,multicolumn_em_test_form,,radio,"Standard:
Radio (LV)
5 columns","1, A | 2, B | 3, C | 4, D | 5, E | 6, F | 7, G | 8, H | 9, I | 10, J | 11, K | 12, L | 13, M | 14, N | 15, O",,,,,,,,LV,,,," @COLUMNS=5"
control_chkbx_rh,multicolumn_em_test_form,,checkbox,"Standard:
Checkbox (RH)
4 columns","1, A | 2, B | 3, C | 4, D | 5, E | 6, F | 7, G | 8, H | 9, I | 10, J | 11, K | 12, L | 13, M | 14, N | 15, O",,,,,,,,RH,,,," @COLUMNS=4"
control_chkbx_lh,multicolumn_em_test_form,,checkbox,"Standard:
Checkbox (LH)
5 columns","1, A | 2, B | 3, C | 4, D | 5, E | 6, F | 7, G | 8, H | 9, I | 10, J | 11, K | 12, L | 13, M | 14, N | 15, O",,,,,,,,LH,,,," @COLUMNS=5"
control_radio_rh,multicolumn_em_test_form,,radio,"Standard:
Radio (RH)
3 columns","1, A | 2, B | 3, C | 4, D | 5, E | 6, F | 7, G | 8, H | 9, I | 10, J | 11, K | 12, L | 13, M | 14, N | 15, O",,,,,,,,RH,,,," @COLUMNS=3"
control_radio_lh,multicolumn_em_test_form,,radio,"Standard:
Radio (LH)
6 columns","1, A | 2, B | 3, C | 4, D | 5, E | 6, F | 7, G | 8, H | 9, I | 10, J | 11, K | 12, L | 13, M | 14, N | 15, O",,,,,,,,LH,,,," @COLUMNS=6"
embedding_test_desc,multicolumn_em_test_form,,descriptive,"<div class=""rich-text-field-label""><p>Field Embedding Test</p> <table style=""border-collapse: collapse; width: 100.047%; height: 257.792px;"" border=""1""><colgroup><col style=""width: 49.9283%;""><col style=""width: 50.0747%;""></colgroup> <tbody> <tr style=""height: 24.6667px;""> <td>Checkboxes</td> <td>Radio Buttons</td> </tr> <tr style=""height: 91.8958px;""> <td> <p>Checkbox Test (LV)<br>@COLUMNS=2 @HIDECHOICE='6,8'</p> <p>{chkbx_hidech_lv}</p> </td> <td> <p>Radio button Test (RV)<br>@COLUMNS=2 @HIDECHOICE='6,11'</p> <p>{radio_hidech_lv}</p> </td> </tr> <tr style=""height: 91.8958px;""> <td> <p>Checkbox Test (RV)<br>@COLUMNS=2 @NONEOFTHEABOVE=15</p> <p>{chkbx_noneoftheabove_rv}</p> </td> <td> <p>Radio button Test (RV)<br>@DEFAULT='2' @COLUMNS=2</p> <p>{radio_default_rv}</p> </td> </tr> <tr style=""height: 24.6667px;""> <td> <p>Checkbox Test (LH)<br>@COLUMNS=2 @SETVALUE='2'</p> <p>{chkbx_setval_lh}</p> </td> <td> <p>Radio button Test (LH)<br>@SETVALUE='2' @COLUMNS=2</p> <p>{radio_setval_lh}</p> </td> </tr> <tr style=""height: 24.6667px;""> <td> <p>Checkbox Test (RH)<br>@COLUMNS=2 @RANDOMORDER</p> <p>{chkbx_random_rh}</p> </td> <td> <p>Radio button Test (RH)<br>@COLUMNS=2 @RANDOMORDER</p> <p>{radio_random_rh}</p> </td> </tr> </tbody> </table></div>",,,,,,,,,,,,,
chkbx_default_lv,multicolumn_em_test_form,"<div class=""rich-text-field-label""><h2>@DEFAULT Testing</h2> <hr> <h5>Sets a field's initial value. This allows a field to have a specified default value when viewing the field on a survey or data entry form that has not yet had any data saved for it (i.e., when the form status icon is gray or when a survey page has not had any data entered yet). <br><br></h5></div>",checkbox,"Checkbox Test (LV)
@COLUMNS=2 @DEFAULT='2'","1, A | 2, B | 3, C | 4, D | 5, E | 6, F | 7, G | 8, H | 9, I | 10, J | 11, K | 12, L | 13, M | 14, N | 15, O",,,,,,,,LV,,,," @COLUMNS=2 @DEFAULT='2'"
chkbx_default_rv,multicolumn_em_test_form,,checkbox,"Checkbox Test (RV)
@DEFAULT='2,4,5' @COLUMNS=2","1, A | 2, B | 3, C | 4, D | 5, E | 6, F | 7, G | 8, H | 9, I | 10, J | 11, K | 12, L | 13, M | 14, N | 15, O",,,,,,,,,,,," @DEFAULT='2,4,5' @COLUMNS=2"
chkbx_default_lh,multicolumn_em_test_form,,checkbox,"Checkbox Test (LH)
@COLUMNS=2 @DEFAULT='2'","1, A | 2, B | 3, C | 4, D | 5, E | 6, F | 7, G | 8, H | 9, I | 10, J | 11, K | 12, L | 13, M | 14, N | 15, O",,,,,,,,LH,,,," @COLUMNS=2 @DEFAULT='2'"
chkbx_default_rh,multicolumn_em_test_form,,checkbox,"Checkbox Test (RH)
@DEFAULT='2,8,9' @COLUMNS=2 ","1, A | 2, B | 3, C | 4, D | 5, E | 6, F | 7, G | 8, H | 9, I | 10, J | 11, K | 12, L | 13, M | 14, N | 15, O",,,,,,,,RH,,,," @DEFAULT='2,8,9' @COLUMNS=2"
radio_default_lv,multicolumn_em_test_form,,radio,"Radio button Test (LV)
@DEFAULT='8' @COLUMNS=3 ","1, A | 2, B | 3, C | 4, D | 5, E | 6, F | 7, G | 8, H | 9, I | 10, J | 11, K | 12, L | 13, M | 14, N | 15, O",,,,,,,,LV,,,," @DEFAULT='8' @COLUMNS=3"
radio_default_rv,multicolumn_em_test_form,,radio,"Radio button Test (RV)
@DEFAULT='2' @COLUMNS=2 ","1, A | 2, B | 3, C | 4, D | 5, E | 6, F | 7, G | 8, H | 9, I | 10, J | 11, K | 12, L | 13, M | 14, N | 15, O",,,,,,,,,,,," @DEFAULT='2' @COLUMNS=2"
radio_default_lh,multicolumn_em_test_form,,radio,"Radio button Test (LH)
@DEFAULT='5' @COLUMNS=2 ","1, A | 2, B | 3, C | 4, D | 5, E | 6, F | 7, G | 8, H | 9, I | 10, J | 11, K | 12, L | 13, M | 14, N | 15, O",,,,,,,,LH,,,," @DEFAULT='5' @COLUMNS=2"
radio_default_rh,multicolumn_em_test_form,,radio,"Radio button Test (RH)
@COLUMNS=2 @DEFAULT='2'","1, A | 2, B | 3, C | 4, D | 5, E | 6, F | 7, G | 8, H | 9, I | 10, J | 11, K | 12, L | 13, M | 14, N | 15, O",,,,,,,,RH,,,," @COLUMNS=2 @DEFAULT='2'"
chkbx_hidden_lv,multicolumn_em_test_form,"<div class=""rich-text-field-label""><h2><span style=""font-weight: normal;"">@HIDDEN test</span></h2> <hr> <h5>Hides the field on the survey page, the data entry form, and in the REDCap mobile app. Field will stay hidden even if branching logic attempts to make it visible.</h5></div>",checkbox,"Checkbox Test (LV)
@HIDDEN @COLUMNS=3 ","1, A | 2, B | 3, C | 4, D | 5, E | 6, F | 7, G | 8, H | 9, I | 10, J | 11, K | 12, L | 13, M | 14, N | 15, O",,,,,,,,LV,,,," @HIDDEN @COLUMNS=3"
chkbx_hidden_rv,multicolumn_em_test_form,,checkbox,"Checkbox Test (RV)
@COLUMNS=2 @HIDDEN","1, A | 2, B | 3, C | 4, D | 5, E | 6, F | 7, G | 8, H | 9, I | 10, J | 11, K | 12, L | 13, M | 14, N | 15, O",,,,,,,,,,,," @COLUMNS=2 @HIDDEN"
chkbx_hidden_lh,multicolumn_em_test_form,,checkbox,"Checkbox Test (LH)
@COLUMNS=3 @HIDDEN","1, A | 2, B | 3, C | 4, D | 5, E | 6, F | 7, G | 8, H | 9, I | 10, J | 11, K | 12, L | 13, M | 14, N | 15, O","Data Entry Form Test Only",,,,,,,LH,,,," @COLUMNS=3 @HIDDEN"
chkbx_hidden_rh,multicolumn_em_test_form,,checkbox,"Checkbox Test (RH)
@COLUMNS=2 @HIDDEN","1, A | 2, B | 3, C | 4, D | 5, E | 6, F | 7, G | 8, H | 9, I | 10, J | 11, K | 12, L | 13, M | 14, N | 15, O",,,,,,,,RH,,,," @COLUMNS=2 @HIDDEN"
radio_hidden_lv,multicolumn_em_test_form,,radio,"Radio button Test (LV)
@HIDDEN @COLUMNS=4 ","1, A | 2, B | 3, C | 4, D | 5, E | 6, F | 7, G | 8, H | 9, I | 10, J | 11, K | 12, L | 13, M | 14, N | 15, O",,,,,,,,LV,,,," @HIDDEN @COLUMNS=4"
radio_hidden_rv,multicolumn_em_test_form,,radio,"Radio button Test (RV)
@HIDDEN @COLUMNS=2 ","1, A | 2, B | 3, C | 4, D | 5, E | 6, F | 7, G | 8, H | 9, I | 10, J | 11, K | 12, L | 13, M | 14, N | 15, O",,,,,,,,,,,," @HIDDEN @COLUMNS=2"
radio_hidden_lh,multicolumn_em_test_form,,radio,"Radio button Test (LH)
@COLUMNS=2 @HIDDEN","1, A | 2, B | 3, C | 4, D | 5, E | 6, F | 7, G | 8, H | 9, I | 10, J | 11, K | 12, L | 13, M | 14, N | 15, O",,,,,,,,LH,,,," @COLUMNS=2 @HIDDEN"
radio_hidden_rh,multicolumn_em_test_form,,radio,"Radio button Test (RH)
@COLUMNS=2 @HIDDEN","1, A | 2, B | 3, C | 4, D | 5, E | 6, F | 7, G | 8, H | 9, I | 10, J | 11, K | 12, L | 13, M | 14, N | 15, O",,,,,,,,RH,,,," @COLUMNS=2 @HIDDEN"
chkbx_hidden_app_lv,multicolumn_em_test_form,"<div class=""rich-text-field-label""><h2>@HIDDEN-APP Testing</h2> <h5><span style=""color: #e67e23;"">REDCap Mobile App Only</span></h5> <hr> <h5>Hides the field only on the form ONLY on the REDCap Mobile App. Field will stay hidden even if branching logic attempts to make it visible.</h5></div>",checkbox,"Checkbox Test (LV)
@HIDDEN-APP @COLUMNS=4 ","1, A | 2, B | 3, C | 4, D | 5, E | 6, F | 7, G | 8, H | 9, I | 10, J | 11, K | 12, L | 13, M | 14, N | 15, O","Mobile App Test Only",,,,,,,LV,,,," @HIDDEN-APP @COLUMNS=4"
chkbx_hidden_app_rv,multicolumn_em_test_form,,checkbox,"Checkbox Test (RV)
@COLUMNS=2 @HIDDEN-APP","1, A | 2, B | 3, C | 4, D | 5, E | 6, F | 7, G | 8, H | 9, I | 10, J | 11, K | 12, L | 13, M | 14, N | 15, O","Mobile App Test Only",,,,,,,,,,," @COLUMNS=2 @HIDDEN-APP"
chkbx_hidden_app_lh,multicolumn_em_test_form,,checkbox,"Checkbox Test (LH)
@COLUMNS=3 @HIDDEN-APP","1, A | 2, B | 3, C | 4, D | 5, E | 6, F | 7, G | 8, H | 9, I | 10, J | 11, K | 12, L | 13, M | 14, N | 15, O","Mobile App Test Only",,,,,,,LH,,,," @COLUMNS=3 @HIDDEN-APP"
chkbx_hidden_app_rh,multicolumn_em_test_form,,checkbox,"Checkbox Test (RH)
@COLUMNS=2 @HIDDEN-APP","1, A | 2, B | 3, C | 4, D | 5, E | 6, F | 7, G | 8, H | 9, I | 10, J | 11, K | 12, L | 13, M | 14, N | 15, O","Mobile App Test Only",,,,,,,RH,,,," @COLUMNS=2 @HIDDEN-APP"
radio_hidden_app_lv,multicolumn_em_test_form,,radio,"Radio button Test (LV)
@HIDDEN-APP@COLUMNS=2 ","1, A | 2, B | 3, C | 4, D | 5, E | 6, F | 7, G | 8, H | 9, I | 10, J | 11, K | 12, L | 13, M | 14, N | 15, O","Mobile App Test Only",,,,,,,LV,,,," @HIDDEN-APP @COLUMNS=2"
radio_hidden_app_rv,multicolumn_em_test_form,,radio,"Radio button Test (RV)
@HIDDEN-APP @COLUMNS=2 ","1, A | 2, B | 3, C | 4, D | 5, E | 6, F | 7, G | 8, H | 9, I | 10, J | 11, K | 12, L | 13, M | 14, N | 15, O","Mobile App Test Only",,,,,,,,,,," @HIDDEN-APP @COLUMNS=2"
radio_hidden_app_lh,multicolumn_em_test_form,,radio,"Radio button Test (LH)
@COLUMNS=2 @HIDDEN-APP","1, A | 2, B | 3, C | 4, D | 5, E | 6, F | 7, G | 8, H | 9, I | 10, J | 11, K | 12, L | 13, M | 14, N | 15, O","Mobile App Test Only",,,,,,,LH,,,," @COLUMNS=2 @HIDDEN-APP"
radio_hidden_app_rh,multicolumn_em_test_form,,radio,"Radio button Test (RH)
@COLUMNS=2 @HIDDEN-APP","1, A | 2, B | 3, C | 4, D | 5, E | 6, F | 7, G | 8, H | 9, I | 10, J | 11, K | 12, L | 13, M | 14, N | 15, O","Mobile App Test Only",,,,,,,RH,,,," @COLUMNS=2 @HIDDEN-APP"
chkbx_hidden_frm_lv,multicolumn_em_test_form,"<div class=""rich-text-field-label""><h2>@HIDDEN-FORM Testing</h2> <h5><span style=""color: #e67e23;"">Data Entry Form Test Only</span></h5> <hr> <h5>Hides the field only on the data entry form (i.e., not on the survey page). Field will stay hidden even if branching logic attempts to make it visible.</h5></div>",checkbox,"Checkbox Test (LV)
@HIDDEN-FORM @COLUMNS=2 ","1, A | 2, B | 3, C | 4, D | 5, E | 6, F | 7, G | 8, H | 9, I | 10, J | 11, K | 12, L | 13, M | 14, N | 15, O","Data Entry Form Test Only",,,,,,,LV,,,," @HIDDEN-FORM @COLUMNS=2"
chkbx_hidden_frm_rv,multicolumn_em_test_form,,checkbox,"Checkbox Test (RV)
@COLUMNS=2 @HIDDEN-FORM","1, A | 2, B | 3, C | 4, D | 5, E | 6, F | 7, G | 8, H | 9, I | 10, J | 11, K | 12, L | 13, M | 14, N | 15, O","Data Entry Form Test Only",,,,,,,,,,," @COLUMNS=2 @HIDDEN-FORM"
chkbx_hidden_frm_lh,multicolumn_em_test_form,,checkbox,"Checkbox Test (LH)
@COLUMNS=3 @HIDDEN-FORM","1, A | 2, B | 3, C | 4, D | 5, E | 6, F | 7, G | 8, H | 9, I | 10, J | 11, K | 12, L | 13, M | 14, N | 15, O","Data Entry Form Test Only",,,,,,,LH,,,," @COLUMNS=3 @HIDDEN-FORM"
chkbx_hidden_frm_rh,multicolumn_em_test_form,,checkbox,"Checkbox Test (RH)
@COLUMNS=2 @HIDDEN-FORM","1, A | 2, B | 3, C | 4, D | 5, E | 6, F | 7, G | 8, H | 9, I | 10, J | 11, K | 12, L | 13, M | 14, N | 15, O","Data Entry Form Test Only",,,,,,,RH,,,," @COLUMNS=2 @HIDDEN-FORM"
radio_hidden_frm_lv,multicolumn_em_test_form,,radio,"Radio button Test (LV)
@HIDDEN-FORM @COLUMNS=2 ","1, A | 2, B | 3, C | 4, D | 5, E | 6, F | 7, G | 8, H | 9, I | 10, J | 11, K | 12, L | 13, M | 14, N | 15, O","Data Entry Form Test Only",,,,,,,LV,,,," @HIDDEN-FORM @COLUMNS=2"
radio_hidden_frm_rv,multicolumn_em_test_form,,radio,"Radio button Test (RV)
@HIDDEN-FORM @COLUMNS=2 ","1, A | 2, B | 3, C | 4, D | 5, E | 6, F | 7, G | 8, H | 9, I | 10, J | 11, K | 12, L | 13, M | 14, N | 15, O","Data Entry Form Test Only",,,,,,,,,,," @HIDDEN-FORM @COLUMNS=2"
radio_hidden_frm_lh,multicolumn_em_test_form,,radio,"Radio button Test (LH)
@COLUMNS=2 @HIDDEN-FORM","1, A | 2, B | 3, C | 4, D | 5, E | 6, F | 7, G | 8, H | 9, I | 10, J | 11, K | 12, L | 13, M | 14, N | 15, O","Data Entry Form Test Only",,,,,,,LH,,,," @COLUMNS=2 @HIDDEN-FORM"
radio_hidden_frm_rh,multicolumn_em_test_form,,radio,"Radio button Test (RH)
@COLUMNS=2 @HIDDEN-FORM","1, A | 2, B | 3, C | 4, D | 5, E | 6, F | 7, G | 8, H | 9, I | 10, J | 11, K | 12, L | 13, M | 14, N | 15, O","Data Entry Form Test Only",,,,,,,RH,,,," @COLUMNS=2 @HIDDEN-FORM"
chkbx_hidden_pdf_rv,multicolumn_em_test_form,"<div class=""rich-text-field-label""><h2>@HIDDEN-PDF Testing</h2> <h5><span style=""color: #e67e23;"">PDF Testing Only</span></h5> <hr> <h5>Hides the field only in the downloaded PDF of one or more instruments (including blank PDFs, PDFs with data, and compact PDFs with data). Note: Other @HIDDEN action tags will not hide fields inside PDF exports, so @HIDDEN-PDF must be used specifically to hide fields in PDFs.</h5></div>",checkbox,"Checkbox Test (RV)
@COLUMNS=2 @HIDDEN-PDF","1, A | 2, B | 3, C | 4, D | 5, E | 6, F | 7, G | 8, H | 9, I | 10, J | 11, K | 12, L | 13, M | 14, N | 15, O","PDF TESTING ONLY",,,,,,,,,,," @COLUMNS=2 @HIDDEN-PDF"
chkbx_hidden_pdf_lv,multicolumn_em_test_form,,checkbox,"Checkbox Test (LV)
@HIDDEN-PDF @COLUMNS=2 ","1, A | 2, B | 3, C | 4, D | 5, E | 6, F | 7, G | 8, H | 9, I | 10, J | 11, K | 12, L | 13, M | 14, N | 15, O","PDF TESTING ONLY",,,,,,,LV,,,," @HIDDEN-PDF @COLUMNS=2"
chkbx_hidden_pdf_lh,multicolumn_em_test_form,,checkbox,"Checkbox Test (LH)
@HIDDEN-PDF @COLUMNS=2 ","1, A | 2, B | 3, C | 4, D | 5, E | 6, F | 7, G | 8, H | 9, I | 10, J | 11, K | 12, L | 13, M | 14, N | 15, O","PDF TESTING ONLY",,,,,,,LH,,,," @HIDDEN-PDF @COLUMNS=2"
chkbx_hidden_pdf_rh,multicolumn_em_test_form,,checkbox,"Checkbox Test (RH)
@COLUMNS=2 @HIDDEN-PDF","1, A | 2, B | 3, C | 4, D | 5, E | 6, F | 7, G | 8, H | 9, I | 10, J | 11, K | 12, L | 13, M | 14, N | 15, O","PDF TESTING ONLY",,,,,,,RH,,,," @COLUMNS=2 @HIDDEN-PDF"
radio_hidden_pdf_lv,multicolumn_em_test_form,,radio,"Radio button Test (LV)
@HIDDEN-PDF @COLUMNS=2 ","1, A | 2, B | 3, C | 4, D | 5, E | 6, F | 7, G | 8, H | 9, I | 10, J | 11, K | 12, L | 13, M | 14, N | 15, O","PDF TESTING ONLY",,,,,,,LV,,,," @HIDDEN-PDF @COLUMNS=2"
radio_hidden_pdf_rv,multicolumn_em_test_form,,radio,"Radio button Test (RV)
@COLUMNS=2 @HIDDEN-PDF","1, A | 2, B | 3, C | 4, D | 5, E | 6, F | 7, G | 8, H | 9, I | 10, J | 11, K | 12, L | 13, M | 14, N | 15, O","PDF TESTING ONLY",,,,,,,,,,," @COLUMNS=2 @HIDDEN-PDF"
radio_hidden_pdf_lh,multicolumn_em_test_form,,radio,"Radio button Test (LH)
@COLUMNS=2 @HIDDEN-PDF","1, A | 2, B | 3, C | 4, D | 5, E | 6, F | 7, G | 8, H | 9, I | 10, J | 11, K | 12, L | 13, M | 14, N | 15, O","PDF TESTING ONLY",,,,,,,LH,,,," @COLUMNS=2 @HIDDEN-PDF"
radio_hidden_pdf_rh,multicolumn_em_test_form,,radio,"Radio button Test (RH)
@HIDDEN-PDF @COLUMNS=2 ","1, A | 2, B | 3, C | 4, D | 5, E | 6, F | 7, G | 8, H | 9, I | 10, J | 11, K | 12, L | 13, M | 14, N | 15, O","PDF TESTING ONLY",,,,,,,RH,,,," @HIDDEN-PDF @COLUMNS=2"
chkbx_hidden_survey_lv,multicolumn_em_test_form,"<div class=""rich-text-field-label""><h2>@HIDDEN-SURVEY Testing</h2> <h5><span style=""color: #e67e23;"">Survey Testing Only</span></h5> <hr> <h5>Hides the field only on the survey page (i.e., not on the data entry form). Field will stay hidden even if branching logic attempts to make it visible.</h5></div>",checkbox,"Checkbox Test (LV)
@HIDDEN-SURVEY @COLUMNS=4 ","1, A | 2, B | 3, C | 4, D | 5, E | 6, F | 7, G | 8, H | 9, I | 10, J | 11, K | 12, L | 13, M | 14, N | 15, O","SURVEY Test Only",,,,,,,LV,,,," @HIDDEN-SURVEY @COLUMNS=4"
chkbx_hidden_survey_rv,multicolumn_em_test_form,,checkbox,"Checkbox Test (RV)
@COLUMNS=2 @HIDDEN-SURVEY","1, A | 2, B | 3, C | 4, D | 5, E | 6, F | 7, G | 8, H | 9, I | 10, J | 11, K | 12, L | 13, M | 14, N | 15, O","SURVEY Test Only",,,,,,,,,,," @COLUMNS=2 @HIDDEN-SURVEY"
chkbx_hidden_survey_lh,multicolumn_em_test_form,,checkbox,"Checkbox Test (LH)
@COLUMNS=3 @HIDDEN-SURVEY","1, A | 2, B | 3, C | 4, D | 5, E | 6, F | 7, G | 8, H | 9, I | 10, J | 11, K | 12, L | 13, M | 14, N | 15, O","SURVEY Test Only",,,,,,,LH,,,," @COLUMNS=3 @HIDDEN-SURVEY"
chkbx_hidden_survey_rh,multicolumn_em_test_form,,checkbox,"Checkbox Test (RH)
@COLUMNS=2 @HIDDEN-SURVEY","1, A | 2, B | 3, C | 4, D | 5, E | 6, F | 7, G | 8, H | 9, I | 10, J | 11, K | 12, L | 13, M | 14, N | 15, O","SURVEY Test Only",,,,,,,RH,,,," @COLUMNS=2 @HIDDEN-SURVEY"
radio_hidden_survey_lv,multicolumn_em_test_form,,radio,"Radio button Test (LV)
@HIDDEN-SURVEY @COLUMNS=2 ","1, A | 2, B | 3, C | 4, D | 5, E | 6, F | 7, G | 8, H | 9, I | 10, J | 11, K | 12, L | 13, M | 14, N | 15, O","SURVEY Test Only",,,,,,,LV,,,," @HIDDEN-SURVEY @COLUMNS=2"
radio_hidden_survey_rv,multicolumn_em_test_form,,radio,"Radio button Test (RV)
@HIDDEN-SURVEY @COLUMNS=2 ","1, A | 2, B | 3, C | 4, D | 5, E | 6, F | 7, G | 8, H | 9, I | 10, J | 11, K | 12, L | 13, M | 14, N | 15, O","SURVEY Test Only",,,,,,,,,,," @HIDDEN-SURVEY @COLUMNS=2"
radio_hidden_survey_lh,multicolumn_em_test_form,,radio,"Radio button Test (LH)
@COLUMNS=2 @HIDDEN-SURVEY","1, A | 2, B | 3, C | 4, D | 5, E | 6, F | 7, G | 8, H | 9, I | 10, J | 11, K | 12, L | 13, M | 14, N | 15, O","SURVEY Test Only",,,,,,,LH,,,," @COLUMNS=2 @HIDDEN-SURVEY"
radio_hidden_survey_rh,multicolumn_em_test_form,,radio,"Radio button Test (RH)
@COLUMNS=2 @HIDDEN-SURVEY","1, A | 2, B | 3, C | 4, D | 5, E | 6, F | 7, G | 8, H | 9, I | 10, J | 11, K | 12, L | 13, M | 14, N | 15, O","SURVEY Test Only",,,,,,,RH,,,," @COLUMNS=2 @HIDDEN-SURVEY"
chkbx_hidech_rv,multicolumn_em_test_form,"<div class=""rich-text-field-label""><h2>@HIDECHOICE Testing</h2> <hr> <table class=""action-tag-descriptions""> <tbody> <tr> <td data-cell=""desc"">Hides one or more choices of a multiple choice field. This action tag is useful if you wish to retire a particular choice after utilizing it for a while in data collection, thus allowing you to hide the choice from that point afterward without orphaning any of the choice's data, which would happen if you simply deleted the choice. The format must follow the pattern <code>@HIDECHOICE='??'</code>, in which the coded values should be inside single or double quotes for the choice(s) you wish to hide. If more than one choice needs to be hidden, then provide all the coded values separated by commas. For example, to hide the choice 'Monday (1)', you would have <code>@HIDECHOICE='1'</code>, but if you wanted to additionally hide 'Tuesday (2)', you would have <code>@HIDECHOICE='1,2'</code>.<br>NOTE: <ul> <li>If the hidden choice has already been selected for a given record, then the choice will not be hidden on the survey or form for that record/event.</li> <li>Hidden choices will still appear in reports and data exports.</li> <li>This action tag can only be utilized for the following field types: Checkbox, Radio, Drop-down, Yes-No, and True-False.</li> <li>This action tag works only in limited fashion with a matrix of fields, in which it will simply hide the checkbox/radio for a field in the matrix but still display the column for that choice in the matrix.</li> <li>This action tag supports piping into its argument.</li> </ul> </td> </tr> </tbody> </table></div>",checkbox,"Checkbox Test (RV)
 @HIDECHOICE='6,11' @COLUMNS=2 ","1, A | 2, B | 3, C | 4, D | 5, E | 6, F | 7, G | 8, H | 9, I | 10, J | 11, K | 12, L | 13, M | 14, N | 15, O",,,,,,,,,,,," @HIDECHOICE='6,11' @COLUMNS=2"
chkbx_hidech_lv,multicolumn_em_test_form,,checkbox,"Checkbox Test (LV)
@COLUMNS=2 @HIDECHOICE='6,8'","1, A | 2, B | 3, C | 4, D | 5, E | 6, F | 7, G | 8, H | 9, I | 10, J | 11, K | 12, L | 13, M | 14, N | 15, O",,,,,,,,LV,,,," @COLUMNS=2 @HIDECHOICE='6,8'"
radio_hidech_rv,multicolumn_em_test_form,,radio,"Radio button Test (RV)
 @COLUMNS=2 @HIDECHOICE='6,11'","1, A | 2, B | 3, C | 4, D | 5, E | 6, F | 7, G | 8, H | 9, I | 10, J | 11, K | 12, L | 13, M | 14, N | 15, O",,,,,,,,,,,," @COLUMNS=2 @HIDECHOICE='6,11'"
radio_hidech_lv,multicolumn_em_test_form,,radio,"Radio button Test (LV)
 @HIDECHOICE='6,11' @COLUMNS=2","1, A | 2, B | 3, C | 4, D | 5, E | 6, F | 7, G | 8, H | 9, I | 10, J | 11, K | 12, L | 13, M | 14, N | 15, O",,,,,,,,LV,,,," @HIDECHOICE='6,11' @COLUMNS=2"
chkbx_hidech_rh,multicolumn_em_test_form,,checkbox,"Checkbox Test (RH)
 @HIDECHOICE='7' @COLUMNS=3","1, A | 2, B | 3, C | 4, D | 5, E | 6, F | 7, G | 8, H | 9, I | 10, J | 11, K | 12, L | 13, M | 14, N | 15, O",,,,,,,,RH,,,," @HIDECHOICE='7' @COLUMNS=3"
chkbx_hidech_lh,multicolumn_em_test_form,,checkbox,"Checkbox Test (LH)
 @HIDECHOICE='7' @COLUMNS=3","1, A | 2, B | 3, C | 4, D | 5, E | 6, F | 7, G | 8, H | 9, I | 10, J | 11, K | 12, L | 13, M | 14, N | 15, O",,,,,,,,LH,,,," @COLUMNS=3 @HIDECHOICE='7'"
radio_hidech_rh,multicolumn_em_test_form,,radio,"Radio button Test (RH)
 @COLUMNS=3 @HIDECHOICE='7'","1, A | 2, B | 3, C | 4, D | 5, E | 6, F | 7, G | 8, H | 9, I | 10, J | 11, K | 12, L | 13, M | 14, N | 15, O",,,,,,,,RH,,,," @HIDECHOICE='7' @COLUMNS=3"
radio_hidech_lh,multicolumn_em_test_form,,radio,"Radio button Test (LH)
 @COLUMNS=3 @HIDECHOICE='7'","1, A | 2, B | 3, C | 4, D | 5, E | 6, F | 7, G | 8, H | 9, I | 10, J | 11, K | 12, L | 13, M | 14, N | 15, O",,,,,,,,LH,,,," @HIDECHOICE='7' @COLUMNS=3"
if_date_for_eval,multicolumn_em_test_form,"<div class=""rich-text-field-label""><h2>@IF Testing</h2> <hr> <h5>Allows various action tags to be set based on conditional logic provided inside an @IF() function - e.g., @IF(CONDITION, ACTION TAGS if condition is TRUE, ACTION TAGS if condition is FALSE). Simply provide a condition using normal logic syntax (similar to branching logic), and it will implement one set of action tags or another based on whether that condition is true or false. For example, you can have @IF([yes_no] = '1', @HIDDEN, @HIDECHOICE='3' @READONLY), in which it will implement @HIDDEN if the 'yes_no' field's value is '1', otherwise, it will implement the two action tags @HIDECHOICE='3' and @READONLY. If you wish not to output any action tags for a certain condition, set it with a pair of apostrophes/quotes as a placeholder - e.g., @IF([my_radio]='1', @READONLY, ''). You may have multiple instances of @IF for a single field. You may also have multiple nested instances of @IF() inside each other. Both field variables and Smart Variables may be used inside the @IF condition. The @IF action tag is also evaluated for a given field when downloading the PDF of an instrument/survey, in case there are any PDF-specific action tags used inside of @IF(). Note: The conditional logic will be evaluated only when the survey page or data entry form initially loads; thus the action tag conditions will not be evaluated in real time as data is entered on the page.</h5></div>",text,"If fields for testing",,,date_mdy,,,,,,,,,,
chkbx_if_rv,multicolumn_em_test_form,,checkbox,"Checkbox Test (RV)
@IF(datediff([if_date_for_eval], 'today', 'd') = 0,@READONLY,@HIDECHOICE='5,7') @COLUMNS=2 ","1, A | 2, B | 3, C | 4, D | 5, E | 6, F | 7, G | 8, H | 9, I | 10, J | 11, K | 12, L | 13, M | 14, N | 15, O",,,,,,,,,,,," @IF(datediff([if_date_for_eval], 'today', 'd') = 0,@READONLY,@HIDECHOICE='5,7') @COLUMNS=2"
chkbx_if_lv,multicolumn_em_test_form,,checkbox,"Checkbox Test (LV)
@COLUMNS=2 @IF(datediff([if_date_for_eval], 'today', 'd') = 0,@READONLY,@HIDECHOICE='5,7')","1, A | 2, B | 3, C | 4, D | 5, E | 6, F | 7, G | 8, H | 9, I | 10, J | 11, K | 12, L | 13, M | 14, N | 15, O",,,,,,,,LV,,,," @COLUMNS=2 @IF(datediff([if_date_for_eval], 'today', 'd') = 0,@READONLY,@HIDECHOICE='5,7')"
radio_if_rv,multicolumn_em_test_form,,radio,"Radio button Test (RV)
@COLUMNS=2 @IF(datediff([if_date_for_eval], 'today', 'd') = 0,@RANDOMORDER,@SHOWCHOICE='2,7,8,9')","1, A | 2, B | 3, C | 4, D | 5, E | 6, F | 7, G | 8, H | 9, I | 10, J | 11, K | 12, L | 13, M | 14, N | 15, O",,,,,,,,,,,," @COLUMNS=2 @IF(datediff([if_date_for_eval], 'today', 'd') = 0,@RANDOMORDER,@SHOWCHOICE='2,7,8,9')"
radio_if_lv,multicolumn_em_test_form,,radio,"Radio button Test (LV)
@COLUMNS=2 @IF(datediff([if_date_for_eval], 'today', 'd') = 0,@SETVALUE='1',@SHOWCHOICE='2,7,8,9')","1, A | 2, B | 3, C | 4, D | 5, E | 6, F | 7, G | 8, H | 9, I | 10, J | 11, K | 12, L | 13, M | 14, N | 15, O",,,,,,,,LV,,,," @COLUMNS=2 @IF(datediff([if_date_for_eval], 'today', 'd') = 0,@SETVALUE='1',@SHOWCHOICE='2,7,8,9')"
chkbx_if_rh,multicolumn_em_test_form,,checkbox,"Checkbox Test (RH)
@COLUMNS=3 @IF(datediff([if_date_for_eval], 'today', 'd') = 0,@SETVALUE='1,5,6',@SHOWCHOICE='2,7,8,9')","1, A | 2, B | 3, C | 4, D | 5, E | 6, F | 7, G | 8, H | 9, I | 10, J | 11, K | 12, L | 13, M | 14, N | 15, O",,,,,,,,RH,,,," @COLUMNS=3 @IF(datediff([if_date_for_eval], 'today', 'd') = 0,@SETVALUE='1,5,6',@SHOWCHOICE='2,7,8,9')"
chkbx_if_lh,multicolumn_em_test_form,,checkbox,"Checkbox Test (LH)
@COLUMNS=3 @IF(datediff([if_date_for_eval], 'today', 'd') = 0,@NONEOFTHEABOVE=15,@HIDECHOICE='2,7,8,9')","1, A | 2, B | 3, C | 4, D | 5, E | 6, F | 7, G | 8, H | 9, I | 10, J | 11, K | 12, L | 13, M | 14, N | 15, None of the above",,,,,,,,LH,,,," @COLUMNS=3 @IF(datediff([if_date_for_eval], 'today', 'd') = 0,@NONEOFTHEABOVE=15,@HIDECHOICE='2,7,8,9')"
radio_if_rh,multicolumn_em_test_form,,radio,"Radio button Test (RH)
@IF(datediff([if_date_for_eval], 'today', 'd') = 0,@RANDOMORDER,@HIDECHOICE='2,7,8,9') @COLUMNS=3 ","1, A | 2, B | 3, C | 4, D | 5, E | 6, F | 7, G | 8, H | 9, I | 10, J | 11, K | 12, L | 13, M | 14, N | 15, O",,,,,,,,RH,,,," @IF(datediff([if_date_for_eval], 'today', 'd') = 0,@RANDOMORDER,@HIDECHOICE='2,7,8,9') @COLUMNS=3"
radio_if_lh,multicolumn_em_test_form,,radio,"Radio button Test (LH)
@IF(datediff([if_date_for_eval], 'today', 'd') = 0,@READONLY,@RANDOMORDER) @COLUMNS=3","1, A | 2, B | 3, C | 4, D | 5, E | 6, F | 7, G | 8, H | 9, I | 10, J | 11, K | 12, L | 13, M | 14, N | 15, O",,,,,,,,LH,,,," @IF(datediff([if_date_for_eval], 'today', 'd') = 0,@READONLY,@RANDOMORDER) @COLUMNS=3"
chkbx_maxchecked_rv,multicolumn_em_test_form,"<div class=""rich-text-field-label""><div class=""rich-text-field-label""> <div class=""rich-text-field-label""> <h2>@MAXCHECKED Testing</h2> <h5><span style=""color: #e67e23;"">Checkbox Fields Only</span></h5> <hr> <h5>Allows a checkbox field to have a maximum number of checkboxes that can be checked. If other checkbox options are clicked after the maximum has been reached, those choices will not be able to be checked.</h5> </div> </div></div>",checkbox,"Checkbox Test (RV)
 @COLUMNS=2 @MAXCHECKED=4","1, A | 2, B | 3, C | 4, D | 5, E | 6, F | 7, G | 8, H | 9, I | 10, J | 11, K | 12, L | 13, M | 14, N | 15, O",,,,,,,,,,,," @COLUMNS=2 @MAXCHECKED=4"
chkbx_maxchecked_lv,multicolumn_em_test_form,,checkbox,"Checkbox Test (LV)
 @MAXCHECKED=4 @COLUMNS=2","1, A | 2, B | 3, C | 4, D | 5, E | 6, F | 7, G | 8, H | 9, I | 10, J | 11, K | 12, L | 13, M | 14, N | 15, O",,,,,,,,LV,,,," @MAXCHECKED=4 @COLUMNS=2"
chkbx_maxchecked_rh,multicolumn_em_test_form,,checkbox,"Checkbox Test (RH)
@MAXCHECKED=4 @COLUMNS=3","1, A | 2, B | 3, C | 4, D | 5, E | 6, F | 7, G | 8, H | 9, I | 10, J | 11, K | 12, L | 13, M | 14, N | 15, O",,,,,,,,RH,,,," @MAXCHECKED=4 @COLUMNS=3"
chkbx_maxchecked_lh,multicolumn_em_test_form,,checkbox,"Checkbox Test (LH)
@MAXCHECKED=4 @COLUMNS=2","1, A | 2, B | 3, C | 4, D | 5, E | 6, F | 7, G | 8, H | 9, I | 10, J | 11, K | 12, L | 13, M | 14, N | 15, O",,,,,,,,LH,,,," @MAXCHECKED=4 @COLUMNS=2"
chkbx_maxchoice_lv,multicolumn_em_test_form,"<div class=""rich-text-field-label""><h2>@MAXCHOICE Testing</h2> <hr> <h5>Causes one or more specified choices to be disabled (i.e., displayed but not usable) for a checkbox, radio button, or drop-down field after a specified amount of records have been saved with that choice. For example, @MAXCHOICE(0=50,1=75,2=50) would imply that once 50 records have selected the '0' coded choice, that choice will become disabled for any record viewed afterward that does not have that choice saved, such as when the form/survey is opened for a new record, and thus 75 records for choice '1', 50 for choice '2',</h5></div>",checkbox,"Checkbox Test (LV)
@COLUMNS=2 @MAXCHOICE(1=2,5=3,2=4)","1, A | 2, B | 3, C | 4, D | 5, E | 6, F | 7, G | 8, H | 9, I | 10, J | 11, K | 12, L | 13, M | 14, N | 15, O",,,,,,,,LV,,,," @COLUMNS=2 @MAXCHOICE(1=2,5=3,2=4)"
chkbx_maxchoice_rv,multicolumn_em_test_form,,checkbox,"Checkbox Test (RV)
@COLUMNS=2 @MAXCHOICE(2=2,6=3)","1, A | 2, B | 3, C | 4, D | 5, E | 6, F | 7, G | 8, H | 9, I | 10, J | 11, K | 12, L | 13, M | 14, N | 15, O",,,,,,,,,,,," @COLUMNS=2 @MAXCHOICE(2=2,6=3)"
chkbx_maxchoice_lh,multicolumn_em_test_form,,checkbox,"Checkbox Test (LH)
@MAXCHOICE(C=3,G=4) @COLUMNS=2 ","1, A | 2, B | 3, C | 4, D | 5, E | 6, F | 7, G | 8, H | 9, I | 10, J | 11, K | 12, L | 13, M | 14, N | 15, O",,,,,,,,LH,,,," @MAXCHOICE(3=3,7=4) @COLUMNS=2"
chkbx_maxchoice_rh,multicolumn_em_test_form,,checkbox,"Checkbox Test (RH)
@MAXCHOICE(D=2,I=3) @COLUMNS=2 ","1, A | 2, B | 3, C | 4, D | 5, E | 6, F | 7, G | 8, H | 9, I | 10, J | 11, K | 12, L | 13, M | 14, N | 15, O",,,,,,,,RH,,,," @MAXCHOICE(4=2,9=3) @COLUMNS=2"
radio_maxchoice_lv,multicolumn_em_test_form,,radio,"Radio button Test (LV)
@COLUMNS=2 @MAXCHOICE(C=2)","1, A | 2, B | 3, C | 4, D | 5, E | 6, F | 7, G | 8, H | 9, I | 10, J | 11, K | 12, L | 13, M | 14, N | 15, O",,,,,,,,LV,,,," @COLUMNS=2 @MAXCHOICE(3=2)"
radio_maxchoice_rv,multicolumn_em_test_form,,radio,"Radio button Test (RV)
@MAXCHOICE(D=2) @COLUMNS=2 ","1, A | 2, B | 3, C | 4, D | 5, E | 6, F | 7, G | 8, H | 9, I | 10, J | 11, K | 12, L | 13, M | 14, N | 15, O",,,,,,,,,,,," @MAXCHOICE(4=2) @COLUMNS=2"
radio_maxchoice_lh,multicolumn_em_test_form,,radio,"Radio button Test (LH)
@COLUMNS=2 @MAXCHOICE(F=3)","1, A | 2, B | 3, C | 4, D | 5, E | 6, F | 7, G | 8, H | 9, I | 10, J | 11, K | 12, L | 13, M | 14, N | 15, O",,,,,,,,LH,,,," @COLUMNS=2 @MAXCHOICE(6=3)"
radio_maxchoice_rh,multicolumn_em_test_form,,radio,"Radio button Test (RH)
@COLUMNS=2 @MAXCHOICE(J=2)","1, A | 2, B | 3, C | 4, D | 5, E | 6, F | 7, G | 8, H | 9, I | 10, J | 11, K | 12, L | 13, M | 14, N | 15, O",,,,,,,,RH,,,," @COLUMNS=2 @MAXCHOICE(10=2)"
chkbx_maxchoice_sc_lv,multicolumn_em_test_form,"<div class=""rich-text-field-label""><h2>@MAXCHOICE-SURVEY-COMPLETE Testing</h2> <h5><span style=""color: #e67e23;"">Survey Completed Only</span></h5> <hr> <h5>Causes one or more specified choices to be disabled (i.e., displayed but not usable) for a checkbox, radio button, or drop-down field after a specified amount of records have been saved with that choice for completed survey responses only. This means that partial survey responses or data entered only via a data entry form (as opposed to on a survey page) would not be counted. For example, @MAXCHOICE-SURVEY-COMPLETE(0=50,1=75,2=50) would imply that once 50 records have selected the '0' coded choice on completed survey responses, that choice will become disabled for any record viewed afterward that does not have that choice saved, such as when the form/survey is opened for a new record, and thus 75 records for choice '1', 50 for choice '2', etc. </h5></div>",checkbox,"Checkbox Test (LV)
@COLUMNS=2 @MAXCHOICE-SURVEY-COMPLETE(A=2,E=3)","1, A | 2, B | 3, C | 4, D | 5, E | 6, F | 7, G | 8, H | 9, I | 10, J | 11, K | 12, L | 13, M | 14, N | 15, O","Survey Only Test",,,,,,,LV,,,," @COLUMNS=2 @MAXCHOICE-SURVEY-COMPLETE(1=2,5=3)"
chkbx_maxchoice_sc_rv,multicolumn_em_test_form,,checkbox,"Checkbox Test (RV)
@COLUMNS=2 @MAXCHOICE-SURVEY-COMPLETE(B=2,C=3)","1, A | 2, B | 3, C | 4, D | 5, E | 6, F | 7, G | 8, H | 9, I | 10, J | 11, K | 12, L | 13, M | 14, N | 15, O","Survey Only Test",,,,,,,,,,," @COLUMNS=2 @MAXCHOICE-SURVEY-COMPLETE(2=2,3=3)"
chkbx_maxchoice_sc_lh,multicolumn_em_test_form,,checkbox,"Checkbox Test (LH)
@MAXCHOICE-SURVEY-COMPLETE(C=2,D=3) @COLUMNS=2 ","1, A | 2, B | 3, C | 4, D | 5, E | 6, F | 7, G | 8, H | 9, I | 10, J | 11, K | 12, L | 13, M | 14, N | 15, O","Survey Only Test",,,,,,,LH,,,," @MAXCHOICE-SURVEY-COMPLETE(3=2,4=3) @COLUMNS=2"
chkbx_maxchoice_sc_rh,multicolumn_em_test_form,,checkbox,"Checkbox Test (RH)
@MAXCHOICE-SURVEY-COMPLETE(D=2,H=3) @COLUMNS=2 ","1, A | 2, B | 3, C | 4, D | 5, E | 6, F | 7, G | 8, H | 9, I | 10, J | 11, K | 12, L | 13, M | 14, N | 15, O","Survey Only Test",,,,,,,RH,,,," @MAXCHOICE-SURVEY-COMPLETE(4=2,8=3) @COLUMNS=2"
radio_maxchoice_sc_lv,multicolumn_em_test_form,,radio,"Radio button Test (LV)
@COLUMNS=2 @MAXCHOICE-SURVEY-COMPLETE(F=2)","1, A | 2, B | 3, C | 4, D | 5, E | 6, F | 7, G | 8, H | 9, I | 10, J | 11, K | 12, L | 13, M | 14, N | 15, O","Survey Only Test",,,,,,,LV,,,," @COLUMNS=2 @MAXCHOICE-SURVEY-COMPLETE(6=2)"
radio_maxchoice_sc_rv,multicolumn_em_test_form,,radio,"Radio button Test (RV)
@MAXCHOICE-SURVEY-COMPLETE(D=2) @COLUMNS=2 ","1, A | 2, B | 3, C | 4, D | 5, E | 6, F | 7, G | 8, H | 9, I | 10, J | 11, K | 12, L | 13, M | 14, N | 15, O","Survey Only Test",,,,,,,,,,," @MAXCHOICE-SURVEY-COMPLETE(4=2) @COLUMNS=2"
radio_maxchoice_sc_lh,multicolumn_em_test_form,,radio,"Radio button Test (LH)
@COLUMNS=2 @MAXCHOICE-SURVEY-COMPLETE(L=2)","1, A | 2, B | 3, C | 4, D | 5, E | 6, F | 7, G | 8, H | 9, I | 10, J | 11, K | 12, L | 13, M | 14, N | 15, O","Survey Only Test",,,,,,,LH,,,," @COLUMNS=2 @MAXCHOICE-SURVEY-COMPLETE(12=2)"
radio_maxchoice_sc_rh,multicolumn_em_test_form,,radio,"Radio button Test (RH)
@COLUMNS=2 @MAXCHOICE-SURVEY-COMPLETE(M=2)","1, A | 2, B | 3, C | 4, D | 5, E | 6, F | 7, G | 8, H | 9, I | 10, J | 11, K | 12, L | 13, M | 14, N | 15, O","Survey Only Test",,,,,,,RH,,,," @COLUMNS=2 @MAXCHOICE-SURVEY-COMPLETE(13=2)"
chkbx_nomiss_rv,multicolumn_em_test_form,"<div class=""rich-text-field-label""><h2>@NOMISSING Testing</h2> <hr> <h5>Disable 'missing data codes' for a field - If custom codes for specifying missing data have been set up in this project (in the Additional Customizations popup on the Project Setup page), this action tag will disable the missing data code functionality for a given field, thus hiding the 'M' icon next to the field.</h5></div>",checkbox,"Checkbox Test (RV)
@NOMISSING @COLUMNS=2 ","1, A | 2, B | 3, C | 4, D | 5, E | 6, F | 7, G | 8, H | 9, I | 10, J | 11, K | 12, L | 13, M | 14, N | 15, O",,,,,,,,,,,," @NOMISSING @COLUMNS=2"
chkbx_nomiss_lv,multicolumn_em_test_form,,checkbox,"Checkbox Test (LV)
@NOMISSING @COLUMNS=2 ","1, A | 2, B | 3, C | 4, D | 5, E | 6, F | 7, G | 8, H | 9, I | 10, J | 11, K | 12, L | 13, M | 14, N | 15, O",,,,,,,,LV,,,," @NOMISSING @COLUMNS=2"
chkbx_nomiss_lh,multicolumn_em_test_form,,checkbox,"Checkbox Test (LH)
@COLUMNS=2 @NOMISSING","1, A | 2, B | 3, C | 4, D | 5, E | 6, F | 7, G | 8, H | 9, I | 10, J | 11, K | 12, L | 13, M | 14, N | 15, O",,,,,,,,LH,,,," @COLUMNS=2 @NOMISSING"
chkbx_nomiss_rh,multicolumn_em_test_form,,checkbox,"Checkbox Test (RH)
@NOMISSING @COLUMNS=3 ","1, A | 2, B | 3, C | 4, D | 5, E | 6, F | 7, G | 8, H | 9, I | 10, J | 11, K | 12, L | 13, M | 14, N | 15, O",,,,,,,,RH,,,," @NOMISSING @COLUMNS=3"
radio_nomiss_lv,multicolumn_em_test_form,,radio,"Radio button Test (LV)
@COLUMNS=2 @NOMISSING","1, A | 2, B | 3, C | 4, D | 5, E | 6, F | 7, G | 8, H | 9, I | 10, J | 11, K | 12, L | 13, M | 14, N | 15, O",,,,,,,,LV,,,," @COLUMNS=2 @NOMISSING"
radio_nomiss_rv,multicolumn_em_test_form,,radio,"Radio button Test (RV)
@COLUMNS=2 @NOMISSING","1, A | 2, B | 3, C | 4, D | 5, E | 6, F | 7, G | 8, H | 9, I | 10, J | 11, K | 12, L | 13, M | 14, N | 15, O",,,,,,,,,,,," @COLUMNS=2 @NOMISSING"
radio_nomiss_lh,multicolumn_em_test_form,,radio,"Radio button Test (LH)
@NOMISSING @COLUMNS=2 ","1, A | 2, B | 3, C | 4, D | 5, E | 6, F | 7, G | 8, H | 9, I | 10, J | 11, K | 12, L | 13, M | 14, N | 15, O",,,,,,,,LH,,,," @NOMISSING @COLUMNS=2"
radio_nomiss_rh,multicolumn_em_test_form,,radio,"Radio button Test (RH)
@NOMISSING @COLUMNS=2 ","1, A | 2, B | 3, C | 4, D | 5, E | 6, F | 7, G | 8, H | 9, I | 10, J | 11, K | 12, L | 13, M | 14, N | 15, O",,,,,,,,RH,,,," @NOMISSING @COLUMNS=2"
chkbx_noneoftheabove_rv,multicolumn_em_test_form,"<div class=""rich-text-field-label""><h2>@NONEOFTHEABOVE Testing</h2> <h5><span style=""color: #e67e23;"">Checkboxes Only</span></h5> <hr> <h5>Allows for the designation of a checkbox choice to be a 'none of the above' option, thus ensuring that no other choices are checked if that one choice is selected. This means that if that particular option is selected, it will alert the user that all other checked-off choices will be unchecked. And if the 'none of the above' option is already checked when the user checks off another choice, it will automatically uncheck the 'none of the above' option. This action tag makes it possible to have a 'none of the above' option without the risk of users mistakenly having other choices selected at the same time.</h5></div>",checkbox,"Checkbox Test (RV)
@COLUMNS=2 @NONEOFTHEABOVE=15","1, A | 2, B | 3, C | 4, D | 5, E | 6, F | 7, G | 8, H | 9, I | 10, J | 11, K | 12, L | 13, M | 14, N | 15, None of the above",,,,,,,,,,,," @COLUMNS=2 @NONEOFTHEABOVE=15"
chkbx_noneoftheabove_lv,multicolumn_em_test_form,,checkbox,"Checkbox Test (LV)
 @NONEOFTHEABOVE=15 @COLUMNS=2","1, A | 2, B | 3, C | 4, D | 5, E | 6, F | 7, G | 8, H | 9, I | 10, J | 11, K | 12, L | 13, M | 14, N | 15, None of the above",,,,,,,,LV,,,," @NONEOFTHEABOVE=15 @COLUMNS=2"
chkbx_noneoftheabove_rh,multicolumn_em_test_form,,checkbox,"Checkbox Test (RH)
 @COLUMNS=3 @NONEOFTHEABOVE=15","1, A | 2, B | 3, C | 4, D | 5, E | 6, F | 7, G | 8, H | 9, I | 10, J | 11, K | 12, L | 13, M | 14, N | 15, None of the above",,,,,,,,RH,,,," @COLUMNS=3 @NONEOFTHEABOVE=15"
chkbx_noneoftheabove_lh,multicolumn_em_test_form,,checkbox,"Checkbox Test (LH)
 @NONEOFTHEABOVE=15 @COLUMNS=3","1, A | 2, B | 3, C | 4, D | 5, E | 6, F | 7, G | 8, H | 9, I | 10, J | 11, K | 12, L | 13, M | 14, N | 15, None of the above",,,,,,,,LH,,,," @NONEOFTHEABOVE=15 @COLUMNS=3"
chkbx_random_rv,multicolumn_em_test_form,"<div class=""rich-text-field-label""><h2>@RANDOMORDER Testing</h2> <hr> <h5>Randomizes the order of multiple choice field options as displayed on survey pages and data entry forms, in which their order will always be different each time the page is loaded by any given user.</h5></div>",checkbox,"Checkbox Test (RV)
@COLUMNS=2 @RANDOMORDER","1, A | 2, B | 3, C | 4, D | 5, E | 6, F | 7, G | 8, H | 9, I | 10, J | 11, K | 12, L | 13, M | 14, N | 15, O",,,,,,,,,,,," @COLUMNS=2 @RANDOMORDER"
chkbx_random_lv,multicolumn_em_test_form,,checkbox,"Checkbox Test (LV)
@RANDOMORDER @COLUMNS=2 ","1, A | 2, B | 3, C | 4, D | 5, E | 6, F | 7, G | 8, H | 9, I | 10, J | 11, K | 12, L | 13, M | 14, N | 15, O",,,,,,,,LV,,,," @RANDOMORDER @COLUMNS=2"
chkbx_random_lh,multicolumn_em_test_form,,checkbox,"Checkbox Test (LH)
@RANDOMORDER @COLUMNS=2 ","1, A | 2, B | 3, C | 4, D | 5, E | 6, F | 7, G | 8, H | 9, I | 10, J | 11, K | 12, L | 13, M | 14, N | 15, O",,,,,,,,LH,,,," @RANDOMORDER @COLUMNS=2"
chkbx_random_rh,multicolumn_em_test_form,,checkbox,"Checkbox Test (RH)
@COLUMNS=2 @RANDOMORDER","1, A | 2, B | 3, C | 4, D | 5, E | 6, F | 7, G | 8, H | 9, I | 10, J | 11, K | 12, L | 13, M | 14, N | 15, O",,,,,,,,RH,,,," @COLUMNS=2 @RANDOMORDER"
radio_random_lv,multicolumn_em_test_form,,radio,"Radio button Test (LV)
@COLUMNS=2 @RANDOMORDER","1, A | 2, B | 3, C | 4, D | 5, E | 6, F | 7, G | 8, H | 9, I | 10, J | 11, K | 12, L | 13, M | 14, N | 15, O",,,,,,,,LV,,,," @COLUMNS=2 @RANDOMORDER"
radio_random_rv,multicolumn_em_test_form,,radio,"Radio button Test (RV)
@RANDOMORDER @COLUMNS=2 ","1, A | 2, B | 3, C | 4, D | 5, E | 6, F | 7, G | 8, H | 9, I | 10, J | 11, K | 12, L | 13, M | 14, N | 15, O",,,,,,,,,,,," @RANDOMORDER @COLUMNS=2"
radio_random_lh,multicolumn_em_test_form,,radio,"Radio button Test (LH)
@RANDOMORDER @COLUMNS=2 ","1, A | 2, B | 3, C | 4, D | 5, E | 6, F | 7, G | 8, H | 9, I | 10, J | 11, K | 12, L | 13, M | 14, N | 15, O",,,,,,,,LH,,,," @RANDOMORDER @COLUMNS=2"
radio_random_rh,multicolumn_em_test_form,,radio,"Radio button Test (RH)
@COLUMNS=2 @RANDOMORDER","1, A | 2, B | 3, C | 4, D | 5, E | 6, F | 7, G | 8, H | 9, I | 10, J | 11, K | 12, L | 13, M | 14, N | 15, O",,,,,,,,RH,,,," @COLUMNS=2 @RANDOMORDER"
chkbx_readonly_rv,multicolumn_em_test_form,"<div class=""rich-text-field-label""><h2>@READONLY Testing</h2> <hr> <h5>Makes the field read-only (i.e., disabled) on the survey page, the data entry form, and in the REDCap mobile app so that its value cannot be changed.</h5></div>",checkbox,"Checkbox Test (RV)
@COLUMNS=2 @READONLY","1, A | 2, B | 3, C | 4, D | 5, E | 6, F | 7, G | 8, H | 9, I | 10, J | 11, K | 12, L | 13, M | 14, N | 15, O",,,,,,,,,,,," @COLUMNS=2 @READONLY"
chkbx_readonly_lv,multicolumn_em_test_form,,checkbox,"Checkbox Test (LV)
@READONLY @COLUMNS=2 ","1, A | 2, B | 3, C | 4, D | 5, E | 6, F | 7, G | 8, H | 9, I | 10, J | 11, K | 12, L | 13, M | 14, N | 15, O",,,,,,,,LV,,,," @READONLY @COLUMNS=2"
chkbx_readonly_lh,multicolumn_em_test_form,,checkbox,"Checkbox Test (LH)
@COLUMNS=2 @READONLY","1, A | 2, B | 3, C | 4, D | 5, E | 6, F | 7, G | 8, H | 9, I | 10, J | 11, K | 12, L | 13, M | 14, N | 15, O",,,,,,,,LH,,,," @COLUMNS=2 @READONLY"
chkbx_readonly_rh,multicolumn_em_test_form,,checkbox,"Checkbox Test (RH)
@COLUMNS=2 @READONLY","1, A | 2, B | 3, C | 4, D | 5, E | 6, F | 7, G | 8, H | 9, I | 10, J | 11, K | 12, L | 13, M | 14, N | 15, O",,,,,,,,RH,,,," @COLUMNS=2 @READONLY"
radio_readonly_lv,multicolumn_em_test_form,,radio,"Radio button Test (LV)
@READONLY @COLUMNS=4 ","1, A | 2, B | 3, C | 4, D | 5, E | 6, F | 7, G | 8, H | 9, I | 10, J | 11, K | 12, L | 13, M | 14, N | 15, O",,,,,,,,LV,,,," @READONLY @COLUMNS=4"
radio_readonly_rv,multicolumn_em_test_form,,radio,"Radio button Test (RV)
@READONLY @COLUMNS=2 ","1, A | 2, B | 3, C | 4, D | 5, E | 6, F | 7, G | 8, H | 9, I | 10, J | 11, K | 12, L | 13, M | 14, N | 15, O",,,,,,,,,,,," @READONLY @COLUMNS=2"
radio_readonly_lh,multicolumn_em_test_form,,radio,"Radio button Test (LH)
@COLUMNS=3 @READONLY","1, A | 2, B | 3, C | 4, D | 5, E | 6, F | 7, G | 8, H | 9, I | 10, J | 11, K | 12, L | 13, M | 14, N | 15, O",,,,,,,,LH,,,," @COLUMNS=3 @READONLY"
radio_readonly_rh,multicolumn_em_test_form,,radio,"Radio button Test (RH)
@READONLY @COLUMNS=2 ","1, A | 2, B | 3, C | 4, D | 5, E | 6, F | 7, G | 8, H | 9, I | 10, J | 11, K | 12, L | 13, M | 14, N | 15, O",,,,,,,,RH,,,," @READONLY @COLUMNS=2"
chkbx_readonly_app_lv,multicolumn_em_test_form,"<div class=""rich-text-field-label""><h2>@READONLY-APP Testing</h2> <h5><span style=""color: #e67e23;"">REDCap Mobile App Only</span></h5> <hr> <h5>Makes the field read-only (i.e., disabled) on the form ONLY on the REDCap Mobile App so that its value cannot be changed.</h5></div>",checkbox,"Checkbox Test (LV)
@READONLY-APP @COLUMNS=2 ","1, A | 2, B | 3, C | 4, D | 5, E | 6, F | 7, G | 8, H | 9, I | 10, J | 11, K | 12, L | 13, M | 14, N | 15, O","Mobile App Test",,,,,,,LV,,,," @READONLY-APP @COLUMNS=2"
chkbx_readonly_app_rv,multicolumn_em_test_form,,checkbox,"Checkbox Test (RV)
@READONLY-APP @COLUMNS=3 ","1, A | 2, B | 3, C | 4, D | 5, E | 6, F | 7, G | 8, H | 9, I | 10, J | 11, K | 12, L | 13, M | 14, N | 15, O","Mobile App Test",,,,,,,,,,," @READONLY-APP @COLUMNS=3"
chkbx_readonly_app_lh,multicolumn_em_test_form,,checkbox,"Checkbox Test (LH)
@READONLY-APP @COLUMNS=2 ","1, A | 2, B | 3, C | 4, D | 5, E | 6, F | 7, G | 8, H | 9, I | 10, J | 11, K | 12, L | 13, M | 14, N | 15, O","Mobile App Test",,,,,,,LH,,,," @READONLY-APP @COLUMNS=2"
chkbx_readonly_app_rh,multicolumn_em_test_form,,checkbox,"Checkbox Test (RH)
@COLUMNS=2 @READONLY-APP","1, A | 2, B | 3, C | 4, D | 5, E | 6, F | 7, G | 8, H | 9, I | 10, J | 11, K | 12, L | 13, M | 14, N | 15, O","Mobile App Test",,,,,,,RH,,,," @COLUMNS=2 @READONLY-APP"
radio_readonly_app_lv,multicolumn_em_test_form,,radio,"Radio button Test (LV)
@COLUMNS=2 @READONLY-APP","1, A | 2, B | 3, C | 4, D | 5, E | 6, F | 7, G | 8, H | 9, I | 10, J | 11, K | 12, L | 13, M | 14, N | 15, O","Mobile App Test",,,,,,,LV,,,," @COLUMNS=2 @READONLY-APP"
radio_readonly_app_rv,multicolumn_em_test_form,,radio,"Radio button Test (RV)
@COLUMNS=4 @READONLY-APP ","1, A | 2, B | 3, C | 4, D | 5, E | 6, F | 7, G | 8, H | 9, I | 10, J | 11, K | 12, L | 13, M | 14, N | 15, O","Mobile App Test",,,,,,,,,,," @COLUMNS=4 @READONLY-APP"
radio_readonly_app_lh,multicolumn_em_test_form,,radio,"Radio button Test (LH)
@READONLY-APP @COLUMNS=2 ","1, A | 2, B | 3, C | 4, D | 5, E | 6, F | 7, G | 8, H | 9, I | 10, J | 11, K | 12, L | 13, M | 14, N | 15, O","Mobile App Test",,,,,,,LH,,,," @READONLY-APP @COLUMNS=2"
radio_readonly_app_rh,multicolumn_em_test_form,,radio,"Radio button Test (RH)
@COLUMNS=2 @READONLY-APP","1, A | 2, B | 3, C | 4, D | 5, E | 6, F | 7, G | 8, H | 9, I | 10, J | 11, K | 12, L | 13, M | 14, N | 15, O","Mobile App Test",,,,,,,RH,,,," @COLUMNS=2 @READONLY-APP"
chkbx_readonly_frm_lv,multicolumn_em_test_form,"<div class=""rich-text-field-label""><h2>@READONLY-FORM Testing</h2> <h5><span style=""color: #e67e23;"">Data Entry Form Test Only</span></h5> <hr> <h5>Makes the field read-only (i.e., disabled) only on the data entry form (i.e., not on the survey page or mobile app) so that its value cannot be changed.</h5></div>",checkbox,"Checkbox Test (LV)
@READONLY-FORM @COLUMNS=2 ","1, A | 2, B | 3, C | 4, D | 5, E | 6, F | 7, G | 8, H | 9, I | 10, J | 11, K | 12, L | 13, M | 14, N | 15, O","Form Only Test",,,,,,,LV,,,," @READONLY-FORM @COLUMNS=2"
chkbx_readonly_frm_rv,multicolumn_em_test_form,,checkbox,"Checkbox Test (RV)
@READONLY-FORM @COLUMNS=2 ","1, A | 2, B | 3, C | 4, D | 5, E | 6, F | 7, G | 8, H | 9, I | 10, J | 11, K | 12, L | 13, M | 14, N | 15, O","Form Only Test",,,,,,,,,,," @READONLY-FORM @COLUMNS=2"
chkbx_readonly_frm_lh,multicolumn_em_test_form,,checkbox,"Checkbox Test (LH)
@COLUMNS=2 @READONLY-FORM","1, A | 2, B | 3, C | 4, D | 5, E | 6, F | 7, G | 8, H | 9, I | 10, J | 11, K | 12, L | 13, M | 14, N | 15, O","Form Only Test",,,,,,,LH,,,," @COLUMNS=2 @READONLY-FORM"
chkbx_readonly_frm_rh,multicolumn_em_test_form,,checkbox,"Checkbox Test (RH)
@READONLY-FORM @COLUMNS=2 ","1, A | 2, B | 3, C | 4, D | 5, E | 6, F | 7, G | 8, H | 9, I | 10, J | 11, K | 12, L | 13, M | 14, N | 15, O","Form Only Test",,,,,,,RH,,,," @READONLY-FORM @COLUMNS=2"
radio_readonly_frm_lv,multicolumn_em_test_form,,radio,"Radio button Test (LV)
@READONLY-FORM @COLUMNS=2 ","1, A | 2, B | 3, C | 4, D | 5, E | 6, F | 7, G | 8, H | 9, I | 10, J | 11, K | 12, L | 13, M | 14, N | 15, O","Form Only Test",,,,,,,LV,,,," @READONLY-FORM @COLUMNS=2"
radio_readonly_frm_rv,multicolumn_em_test_form,,radio,"Radio button Test (RV)
@COLUMNS=2 @READONLY-FORM","1, A | 2, B | 3, C | 4, D | 5, E | 6, F | 7, G | 8, H | 9, I | 10, J | 11, K | 12, L | 13, M | 14, N | 15, O","Form Only Test",,,,,,,,,,," @COLUMNS=2 @READONLY-FORM"
radio_readonly_frm_lh,multicolumn_em_test_form,,radio,"Radio button Test (LH)
@COLUMNS=2 @READONLY-FORM","1, A | 2, B | 3, C | 4, D | 5, E | 6, F | 7, G | 8, H | 9, I | 10, J | 11, K | 12, L | 13, M | 14, N | 15, O","Form Only Test",,,,,,,LH,,,," @COLUMNS=2 @READONLY-FORM"
radio_readonly_frm_rh,multicolumn_em_test_form,,radio,"Radio button Test (RH)
@READONLY-FORM @COLUMNS=2 ","1, A | 2, B | 3, C | 4, D | 5, E | 6, F | 7, G | 8, H | 9, I | 10, J | 11, K | 12, L | 13, M | 14, N | 15, O","Form Only Test",,,,,,,RH,,,," @READONLY-FORM @COLUMNS=2"
chkbx_readonly_survey_lv,multicolumn_em_test_form,"<div class=""rich-text-field-label""><h2>@READONLY-SURVEY Testing</h2> <h5><span style=""color: #e67e23;"">Survey Testing Only</span></h5> <hr> <h5>Makes the field read-only (i.e., disabled) only on the survey page (i.e., not on the data entry form or mobile app) so that its value cannot be changed.</h5></div>",checkbox,"Checkbox Test (LV)
@READONLY-SURVEY @COLUMNS=2 ","1, A | 2, B | 3, C | 4, D | 5, E | 6, F | 7, G | 8, H | 9, I | 10, J | 11, K | 12, L | 13, M | 14, N | 15, O","Survey Only Test",,,,,,,LV,,,," @READONLY-SURVEY @COLUMNS=2"
chkbx_readonly_survey_rv,multicolumn_em_test_form,,checkbox,"Checkbox Test (RV)
@READONLY-SURVEY @COLUMNS=2 ","1, A | 2, B | 3, C | 4, D | 5, E | 6, F | 7, G | 8, H | 9, I | 10, J | 11, K | 12, L | 13, M | 14, N | 15, O","Survey Only Test",,,,,,,,,,," @READONLY-SURVEY @COLUMNS=2"
chkbx_readonly_survey_lh,multicolumn_em_test_form,,checkbox,"Checkbox Test (LH)
@COLUMNS=2 @READONLY-SURVEY","1, A | 2, B | 3, C | 4, D | 5, E | 6, F | 7, G | 8, H | 9, I | 10, J | 11, K | 12, L | 13, M | 14, N | 15, O","Survey Only Test",,,,,,,LH,,,," @COLUMNS=2 @READONLY-SURVEY"
chkbx_readonly_survey_rh,multicolumn_em_test_form,,checkbox,"Checkbox Test (RH)
@READONLY-SURVEY @COLUMNS=2 ","1, A | 2, B | 3, C | 4, D | 5, E | 6, F | 7, G | 8, H | 9, I | 10, J | 11, K | 12, L | 13, M | 14, N | 15, O","Survey Only Test",,,,,,,RH,,,," @READONLY-SURVEY @COLUMNS=2"
radio_readonly_survey_lv,multicolumn_em_test_form,,radio,"Radio button Test (LV)
@COLUMNS=2 @READONLY-SURVEY","1, A | 2, B | 3, C | 4, D | 5, E | 6, F | 7, G | 8, H | 9, I | 10, J | 11, K | 12, L | 13, M | 14, N | 15, O","Survey Only Test",,,,,,,LV,,,," @COLUMNS=2 @READONLY-SURVEY"
radio_readonly_survey_rv,multicolumn_em_test_form,,radio,"Radio button Test (RV)
@READONLY-SURVEY @COLUMNS=3","1, A | 2, B | 3, C | 4, D | 5, E | 6, F | 7, G | 8, H | 9, I | 10, J | 11, K | 12, L | 13, M | 14, N | 15, O","Survey Only Test",,,,,,,,,,," @READONLY-SURVEY @COLUMNS=3"
radio_readonly_survey_lh,multicolumn_em_test_form,,radio,"Radio button Test (LH)
@COLUMNS=2 @READONLY-SURVEY","1, A | 2, B | 3, C | 4, D | 5, E | 6, F | 7, G | 8, H | 9, I | 10, J | 11, K | 12, L | 13, M | 14, N | 15, O","Survey Only Test",,,,,,,LH,,,," @COLUMNS=2 @READONLY-SURVEY"
radio_readonly_survey_rh,multicolumn_em_test_form,,radio,"Radio button Test (RH)
@COLUMNS=2 @READONLY-SURVEY","1, A | 2, B | 3, C | 4, D | 5, E | 6, F | 7, G | 8, H | 9, I | 10, J | 11, K | 12, L | 13, M | 14, N | 15, O","Survey Only Test",,,,,,,RH,,,," @COLUMNS=2 @READONLY-SURVEY"
chkbx_setval_rv,multicolumn_em_test_form,"<div class=""rich-text-field-label""><h2>@SETVALUE Testing</h2> <hr> <h5>Sets a field's value to static text or dynamic/piped text whenever a data entry form or survey page is loaded, in which it will always overwrite an existing value of the field. <br><br></h5></div>",checkbox,"Checkbox Test (RV)
@COLUMNS=2 @SETVALUE='4'","1, A | 2, B | 3, C | 4, D | 5, E | 6, F | 7, G | 8, H | 9, I | 10, J | 11, K | 12, L | 13, M | 14, N | 15, O",,,,,,,,,,,," @COLUMNS=2 @SETVALUE='4'"
chkbx_setval_lv,multicolumn_em_test_form,,checkbox,"Checkbox Test (LV)
@SETVALUE='2' @COLUMNS=2 ","1, A | 2, B | 3, C | 4, D | 5, E | 6, F | 7, G | 8, H | 9, I | 10, J | 11, K | 12, L | 13, M | 14, N | 15, O",,,,,,,,LV,,,," @SETVALUE='2' @COLUMNS=2"
chkbx_setval_lh,multicolumn_em_test_form,,checkbox,"Checkbox Test (LH)
@COLUMNS=2 @SETVALUE='2'","1, A | 2, B | 3, C | 4, D | 5, E | 6, F | 7, G | 8, H | 9, I | 10, J | 11, K | 12, L | 13, M | 14, N | 15, O",,,,,,,,LH,,,," @COLUMNS=2 @SETVALUE='2'"
chkbx_setval_rh,multicolumn_em_test_form,,checkbox,"Checkbox Test (RH)
@COLUMNS=2 @SETVALUE='12'","1, A | 2, B | 3, C | 4, D | 5, E | 6, F | 7, G | 8, H | 9, I | 10, J | 11, K | 12, L | 13, M | 14, N | 15, O",,,,,,,,RH,,,," @COLUMNS=2 @SETVALUE='12'"
radio_setval_rv,multicolumn_em_test_form,,radio,"Radio button Test (RV)
@SETVALUE='2' @COLUMNS=2 ","1, A | 2, B | 3, C | 4, D | 5, E | 6, F | 7, G | 8, H | 9, I | 10, J | 11, K | 12, L | 13, M | 14, N | 15, O",,,,,,,,,,,," @SETVALUE='2' @COLUMNS=2"
radio_setval_lv,multicolumn_em_test_form,,radio,"Radio button Test (LV)
@SETVALUE='8' @COLUMNS=4 ","1, A | 2, B | 3, C | 4, D | 5, E | 6, F | 7, G | 8, H | 9, I | 10, J | 11, K | 12, L | 13, M | 14, N | 15, O",,,,,,,,LV,,,," @SETVALUE='8' @COLUMNS=4"
radio_setval_lh,multicolumn_em_test_form,,radio,"Radio button Test (LH)
@SETVALUE='2' @COLUMNS=2 ","1, A | 2, B | 3, C | 4, D | 5, E | 6, F | 7, G | 8, H | 9, I | 10, J | 11, K | 12, L | 13, M | 14, N | 15, O",,,,,,,,LH,,,," @SETVALUE='2' @COLUMNS=2"
radio_setval_rh,multicolumn_em_test_form,,radio,"Radio button Test (RH)
@SETVALUE='2' @COLUMNS=2 ","1, A | 2, B | 3, C | 4, D | 5, E | 6, F | 7, G | 8, H | 9, I | 10, J | 11, K | 12, L | 13, M | 14, N | 15, O",,,,,,,,RH,,,," @SETVALUE='2' @COLUMNS=2"
chkbx_showchoice_lv,multicolumn_em_test_form,"<div class=""rich-text-field-label""><h2>@SHOWCHOICE Testing</h2> <hr> <h5>When applied to a multiple-choice field, this action tag will hide all choices except for the ones listed in its argument. This action tag is useful if you wish to only show a subset of choices depending on some logic (e.g., depending on data access groups) via the @IF action tag. <br>NOTE:<br>If a choice not shown has already been selected for a given record, then the choice will still be shown on the survey or form for that record/event.<br>This action tag does not work with a matrix of fields.<br>This action tag will take precedence over the @HIDECHOICE action tag.<br>This action tag supports piping into its argument.<br><br></h5></div>",checkbox,"Checkbox Test (LV)
@SHOWCHOICE='1,3,5,8,9' @COLUMNS=2","1, A | 2, B | 3, C | 4, D | 5, E | 6, F | 7, G | 8, H | 9, I | 10, J | 11, K | 12, L | 13, M | 14, N | 15, O",,,,,,,,LV,,,," @SHOWCHOICE='1,3,5,8,9' @COLUMNS=2"
chkbx_showchoice_rv,multicolumn_em_test_form,,checkbox,"Checkbox Test (RV)
@COLUMNS=2 @SHOWCHOICE='1,3'","1, A | 2, B | 3, C | 4, D | 5, E | 6, F | 7, G | 8, H | 9, I | 10, J | 11, K | 12, L | 13, M | 14, N | 15, O",,,,,,,,,,,," @COLUMNS=2 @SHOWCHOICE='1,3'"
chkbx_showchoice_lh,multicolumn_em_test_form,,checkbox,"Checkbox Test (LH)
@SHOWCHOICE='1,3,5,8,9' @COLUMNS=2","1, A | 2, B | 3, C | 4, D | 5, E | 6, F | 7, G | 8, H | 9, I | 10, J | 11, K | 12, L | 13, M | 14, N | 15, O",,,,,,,,LH,,,," @SHOWCHOICE='1,3,5,8,9' @COLUMNS=2"
chkbx_showchoice_rh,multicolumn_em_test_form,,checkbox,"Checkbox Test (RH)
@COLUMNS=2 @SHOWCHOICE='1,3'","1, A | 2, B | 3, C | 4, D | 5, E | 6, F | 7, G | 8, H | 9, I | 10, J | 11, K | 12, L | 13, M | 14, N | 15, O",,,,,,,,RH,,,," @COLUMNS=2 @SHOWCHOICE='1,3'"
radio_showchoice_lv,multicolumn_em_test_form,,radio,"Radio button Test (LV)
@COLUMNS=4 @SHOWCHOICE='4,5,9'","1, A | 2, B | 3, C | 4, D | 5, E | 6, F | 7, G | 8, H | 9, I | 10, J | 11, K | 12, L | 13, M | 14, N | 15, O",,,,,,,,LV,,,," @COLUMNS=4 @SHOWCHOICE='4,5,9'"
radio_showchoice_rv,multicolumn_em_test_form,,radio,"Radio button Test (RV)
@COLUMNS=2 @SHOWCHOICE='1,3,5,8,9'","1, A | 2, B | 3, C | 4, D | 5, E | 6, F | 7, G | 8, H | 9, I | 10, J | 11, K | 12, L | 13, M | 14, N | 15, O",,,,,,,,,,,," @COLUMNS=2 @SHOWCHOICE='1,3,5,8,9'"
radio_showchoice_lh,multicolumn_em_test_form,,radio,"Radio button Test (LH)
@SHOWCHOICE='5,8,10' @COLUMNS=2","1, A | 2, B | 3, C | 4, D | 5, E | 6, F | 7, G | 8, H | 9, I | 10, J | 11, K | 12, L | 13, M | 14, N | 15, O",,,,,,,,LH,,,," @SHOWCHOICE='5,8,10' @COLUMNS=2"
radio_showchoice_rh,multicolumn_em_test_form,,radio,"Radio button Test (RH)
@SHOWCHOICE='1,3' @COLUMNS=2","1, A | 2, B | 3, C | 4, D | 5, E | 6, F | 7, G | 8, H | 9, I | 10, J | 11, K | 12, L | 13, M | 14, N | 15, None of the above",,,,,,,,RH,,,," @SHOWCHOICE='1,3' @COLUMNS=2"
